[
  {
    "id": "611d7ca5-7a90-4b61-86ad-8e0289500209",
    "data": [
      {
        "text": "A6C ",
        "userDefined": false
      },
      {
        "text": "404",
        "alias": "number",
        "meta": "@sys.number",
        "userDefined": false
      }
    ],
    "isTemplate": false,
    "count": 0,
    "updated": 1541794728
  },
  {
    "id": "54b0b65a-24a5-4b18-b298-5513b35c231f",
    "data": [
      {
        "text": "A6B ",
        "userDefined": false
      },
      {
        "text": "203",
        "alias": "number",
        "meta": "@sys.number",
        "userDefined": false
      }
    ],
    "isTemplate": false,
    "count": 0,
    "updated": 1541794728
  },
  {
    "id": "309f7dc0-8a74-419a-baec-2979cc7510c4",
    "data": [
      {
        "text": "A6A ",
        "userDefined": false
      },
      {
        "text": "802",
        "alias": "number",
        "meta": "@sys.number",
        "userDefined": false
      }
    ],
    "isTemplate": false,
    "count": 0,
    "updated": 1541794728
  },
  {
    "id": "21d6fcbe-9814-43dd-9373-eba8cadb5177",
    "data": [
      {
        "text": "A5C ",
        "userDefined": false
      },
      {
        "text": "204",
        "alias": "number",
        "meta": "@sys.number",
        "userDefined": false
      }
    ],
    "isTemplate": false,
    "count": 0,
    "updated": 1541794728
  },
  {
    "id": "16b32535-85a0-4ab6-ad20-f6e269886705",
    "data": [
      {
        "text": "A5b ",
        "userDefined": false
      },
      {
        "text": "102",
        "alias": "number",
        "meta": "@sys.number",
        "userDefined": false
      }
    ],
    "isTemplate": false,
    "count": 0,
    "updated": 1541794728
  },
  {
    "id": "979e3f23-e8c5-4108-bbb2-9aae1fcc79b4",
    "data": [
      {
        "text": "A5A ",
        "userDefined": false
      },
      {
        "text": "303",
        "alias": "number",
        "meta": "@sys.number",
        "userDefined": false
      }
    ],
    "isTemplate": false,
    "count": 0,
    "updated": 1541794728
  },
  {
    "id": "d4e12349-2744-447e-af21-b783fabbefde",
    "data": [
      {
        "text": "a2c ",
        "userDefined": false
      },
      {
        "text": "205",
        "alias": "number",
        "meta": "@sys.number",
        "userDefined": false
      }
    ],
    "isTemplate": false,
    "count": 0,
    "updated": 1541794728
  },
  {
    "id": "c22b4ca7-026f-41d3-8e5e-3158a6496b36",
    "data": [
      {
        "text": "A2B ",
        "userDefined": false
      },
      {
        "text": "404",
        "alias": "number",
        "meta": "@sys.number",
        "userDefined": false
      }
    ],
    "isTemplate": false,
    "count": 0,
    "updated": 1541794728
  },
  {
    "id": "c27d4494-b16c-4e1f-af79-c7fdc5016b73",
    "data": [
      {
        "text": "a2a ",
        "userDefined": false
      },
      {
        "text": "101",
        "alias": "number",
        "meta": "@sys.number",
        "userDefined": false
      }
    ],
    "isTemplate": false,
    "count": 0,
    "updated": 1541794728
  },
  {
    "id": "67d8c8ff-1b02-4b50-87b2-3d4725f41b34",
    "data": [
      {
        "text": "A1C ",
        "userDefined": false
      },
      {
        "text": "202",
        "alias": "number",
        "meta": "@sys.number",
        "userDefined": false
      }
    ],
    "isTemplate": false,
    "count": 0,
    "updated": 1541794728
  },
  {
    "id": "a92c89d8-2b9b-4fb6-9330-e0d44b536bb0",
    "data": [
      {
        "text": "a2c ",
        "userDefined": false
      },
      {
        "text": "703",
        "alias": "number",
        "meta": "@sys.number",
        "userDefined": false
      }
    ],
    "isTemplate": false,
    "count": 0,
    "updated": 1541794728
  },
  {
    "id": "832c0cb2-0263-4e6f-bf16-83fb5c3d10eb",
    "data": [
      {
        "text": "a1b ",
        "userDefined": false
      },
      {
        "text": "809",
        "alias": "number",
        "meta": "@sys.number",
        "userDefined": false
      }
    ],
    "isTemplate": false,
    "count": 0,
    "updated": 1541794728
  },
  {
    "id": "0c8a00b1-0fe4-4089-bdb8-3c60d48fc114",
    "data": [
      {
        "text": "A1a ",
        "userDefined": false
      },
      {
        "text": "302",
        "alias": "number",
        "meta": "@sys.number",
        "userDefined": false
      }
    ],
    "isTemplate": false,
    "count": 0,
    "updated": 1541794728
  },
  {
    "id": "c1385715-aba8-4b54-ab09-95bccab80c39",
    "data": [
      {
        "text": "a1a ",
        "userDefined": false
      },
      {
        "text": "407",
        "alias": "number",
        "meta": "@sys.number",
        "userDefined": false
      }
    ],
    "isTemplate": false,
    "count": 0,
    "updated": 1541791171
  },
  {
    "id": "5d69279b-5742-41a5-bd13-2d7b515632b7",
    "data": [
      {
        "text": "a2b ",
        "userDefined": false
      },
      {
        "text": "205",
        "alias": "number",
        "meta": "@sys.number",
        "userDefined": false
      }
    ],
    "isTemplate": false,
    "count": 0,
    "updated": 1541791171
  },
  {
    "id": "5a6dde68-0685-44ae-a1c8-edbf40c3b0ed",
    "data": [
      {
        "text": "A5B ",
        "userDefined": false
      },
      {
        "text": "609",
        "alias": "number",
        "meta": "@sys.number",
        "userDefined": false
      }
    ],
    "isTemplate": false,
    "count": 1,
    "updated": 1541791171
  }
]