[
  {
    "id": "3396ab76-bbe5-40ea-9057-c21e26406cc0",
    "data": [
      {
        "text": "lemme get something from ",
        "userDefined": false
      },
      {
        "text": "the Grill",
        "meta": "@sys.ignore",
        "userDefined": false
      }
    ],
    "isTemplate": false,
    "count": 0,
    "updated": 1541767538
  },
  {
    "id": "a38e59a0-bf22-49fc-b48c-6832da1b3cf4",
    "data": [
      {
        "text": "I want to order from ",
        "userDefined": false
      },
      {
        "text": "the grill",
        "meta": "@sys.ignore",
        "userDefined": false
      }
    ],
    "isTemplate": false,
    "count": 0,
    "updated": 1541767538
  },
  {
    "id": "b1cd6bf5-09c6-4db6-b80f-cc9e410d67c1",
    "data": [
      {
        "text": "the grill",
        "meta": "@sys.ignore",
        "userDefined": false
      }
    ],
    "isTemplate": false,
    "count": 0,
    "updated": 1541767538
  },
  {
    "id": "bb40c433-aa18-465c-83e8-f4970c737f1f",
    "data": [
      {
        "text": "grill",
        "meta": "@sys.ignore",
        "userDefined": false
      }
    ],
    "isTemplate": false,
    "count": 0,
    "updated": 1541767538
  }
]