[
  {
    "id": "ccb62524-6077-49dc-9b1f-ea90d584af4f",
    "data": [
      {
        "text": "I wish to have a ",
        "userDefined": false
      },
      {
        "text": "hotdog",
        "alias": "grillfood",
        "meta": "@grillfood",
        "userDefined": false
      }
    ],
    "isTemplate": false,
    "count": 0,
    "updated": 1541800447
  },
  {
    "id": "e286c207-54ad-4ac5-b856-8b66de3aaf04",
    "data": [
      {
        "text": "I\u0027d like to order ",
        "userDefined": false
      },
      {
        "text": "kebab",
        "alias": "grillfood",
        "meta": "@grillfood",
        "userDefined": false
      }
    ],
    "isTemplate": false,
    "count": 0,
    "updated": 1541800447
  },
  {
    "id": "e001264c-cd89-4995-a719-baf3ec82d37f",
    "data": [
      {
        "text": "Can I have a ",
        "userDefined": false
      },
      {
        "text": "sandwich",
        "alias": "grillfood",
        "meta": "@grillfood",
        "userDefined": false
      },
      {
        "text": "?",
        "userDefined": false
      }
    ],
    "isTemplate": false,
    "count": 0,
    "updated": 1541800447
  },
  {
    "id": "a036451a-bb84-4dd7-80c6-ab11e24080a1",
    "data": [
      {
        "text": "I want ",
        "userDefined": false
      },
      {
        "text": "sirloin",
        "alias": "grillfood",
        "meta": "@grillfood",
        "userDefined": false
      }
    ],
    "isTemplate": false,
    "count": 0,
    "updated": 1541800447
  },
  {
    "id": "3f11dc00-ad47-4d34-b0c1-2f4bbf728224",
    "data": [
      {
        "text": "I\u0027d like a ",
        "userDefined": false
      },
      {
        "text": "steak",
        "alias": "grillfood",
        "meta": "@grillfood",
        "userDefined": false
      }
    ],
    "isTemplate": false,
    "count": 0,
    "updated": 1541800447
  },
  {
    "id": "cc0e62ca-335c-45ea-8851-eca34be0ca8a",
    "data": [
      {
        "text": "chicken steak",
        "alias": "grillfood",
        "meta": "@grillfood",
        "userDefined": false
      }
    ],
    "isTemplate": false,
    "count": 0,
    "updated": 1541768428
  },
  {
    "id": "9cdde80a-4faf-4dfa-8beb-8c865dda631b",
    "data": [
      {
        "text": "sandwich",
        "alias": "grillfood",
        "meta": "@grillfood",
        "userDefined": false
      }
    ],
    "isTemplate": false,
    "count": 0,
    "updated": 1541768428
  },
  {
    "id": "81d5a794-28e4-442c-8be6-6104a7c61381",
    "data": [
      {
        "text": "steak",
        "alias": "grillfood",
        "meta": "@grillfood",
        "userDefined": false
      }
    ],
    "isTemplate": false,
    "count": 0,
    "updated": 1541768428
  },
  {
    "id": "b1296bf1-ef12-4e74-a846-de11f3812ad6",
    "data": [
      {
        "text": "hot dog",
        "alias": "grillfood",
        "meta": "@grillfood",
        "userDefined": false
      }
    ],
    "isTemplate": false,
    "count": 0,
    "updated": 1541768428
  }
]